game_id,season,game_type,week,gameday,weekday,gametime,away_team,away_score,home_team,home_score,location,result,total,overtime,div_game,roof,surface,temp,wind,stadium
2024_01_BAL_KC,2024,REG,1,2024-09-05,Thursday,20:20,BAL,20,KC,27,Home,7,47,0,0,outdoors,grass,67,8,GEHA Field at Arrowhead Stadium
2024_01_GB_PHI,2024,REG,1,2024-09-06,Friday,20:15,GB,29,PHI,34,Neutral,5,63,0,0,outdoors,,,,Arena Corinthians
2024_01_PIT_ATL,2024,REG,1,2024-09-08,Sunday,13:00,PIT,18,ATL,10,Home,-8,28,0,0,closed,fieldturf,,,Mercedes-Benz Stadium
2024_01_ARI_BUF,2024,REG,1,2024-09-08,Sunday,13:00,ARI,28,BUF,34,Home,6,62,0,0,outdoors,a_turf,61,20,New Era Field
2024_01_TEN_CHI,2024,REG,1,2024-09-08,Sunday,13:00,TEN,17,CHI,24,Home,7,41,0,0,outdoors,grass,67,8,Soldier Field
2024_01_NE_CIN,2024,REG,1,2024-09-08,Sunday,13:00,NE,16,CIN,10,Home,-6,26,0,0,outdoors,fieldturf,66,5,Paycor Stadium
2024_01_HOU_IND,2024,REG,1,2024-09-08,Sunday,13:00,HOU,29,IND,27,Home,-2,56,0,1,closed,fieldturf,,,Lucas Oil Stadium
2024_01_JAX_MIA,2024,REG,1,2024-09-08,Sunday,13:00,JAX,17,MIA,20,Home,3,37,0,0,outdoors,grass,91,10,Hard Rock Stadium
2024_01_CAR_NO,2024,REG,1,2024-09-08,Sunday,13:00,CAR,10,NO,47,Home,37,57,0,1,dome,sportturf,,,Mercedes-Benz Superdome
2024_01_MIN_NYG,2024,REG,1,2024-09-08,Sunday,13:00,MIN,28,NYG,6,Home,-22,34,0,0,outdoors,fieldturf,64,10,MetLife Stadium
2024_01_LV_LAC,2024,REG,1,2024-09-08,Sunday,16:05,LV,10,LAC,22,Home,12,32,0,1,dome,matrixturf,,,SoFi Stadium
2024_01_DEN_SEA,2024,REG,1,2024-09-08,Sunday,16:05,DEN,20,SEA,26,Home,6,46,0,0,outdoors,fieldturf,65,7,Lumen Field
2024_01_DAL_CLE,2024,REG,1,2024-09-08,Sunday,16:25,DAL,33,CLE,17,Home,-16,50,0,0,outdoors,grass,69,17,FirstEnergy Stadium
2024_01_WAS_TB,2024,REG,1,2024-09-08,Sunday,16:25,WAS,20,TB,37,Home,17,57,0,0,outdoors,grass,93,6,Raymond James Stadium
2024_01_LA_DET,2024,REG,1,2024-09-08,Sunday,20:20,LA,20,DET,26,Home,6,46,1,0,dome,fieldturf,,,Ford Field
2024_01_NYJ_SF,2024,REG,1,2024-09-09,Monday,20:15,NYJ,19,SF,32,Home,13,51,0,0,outdoors,grass,76,10,Levi's Stadium
2024_02_BUF_MIA,2024,REG,2,2024-09-12,Thursday,20:15,BUF,31,MIA,10,Home,-21,41,0,1,outdoors,grass,86,3,Hard Rock Stadium
2024_02_LV_BAL,2024,REG,2,2024-09-15,Sunday,13:00,LV,26,BAL,23,Home,-3,49,0,0,outdoors,grass,76,10,M&T Bank Stadium
2024_02_LAC_CAR,2024,REG,2,2024-09-15,Sunday,13:00,LAC,26,CAR,3,Home,-23,29,0,0,outdoors,grass,78,13,Bank of America Stadium
2024_02_NO_DAL,2024,REG,2,2024-09-15,Sunday,13:00,NO,44,DAL,19,Home,-25,63,0,0,closed,matrixturf,,,AT&T Stadium
2024_02_TB_DET,2024,REG,2,2024-09-15,Sunday,13:00,TB,20,DET,16,Home,-4,36,0,0,dome,fieldturf,,,Ford Field
2024_02_IND_GB,2024,REG,2,2024-09-15,Sunday,13:00,IND,10,GB,16,Home,6,26,0,0,outdoors,grass,85,7,Lambeau Field
2024_02_CLE_JAX,2024,REG,2,2024-09-15,Sunday,13:00,CLE,18,JAX,13,Home,-5,31,0,0,outdoors,grass,80,12,TIAA Bank Stadium
2024_02_SF_MIN,2024,REG,2,2024-09-15,Sunday,13:00,SF,17,MIN,23,Home,6,40,0,0,dome,sportturf,,,U.S. Bank Stadium
2024_02_SEA_NE,2024,REG,2,2024-09-15,Sunday,13:00,SEA,23,NE,20,Home,-3,43,1,0,outdoors,fieldturf,77,5,Gillette Stadium
2024_02_NYJ_TEN,2024,REG,2,2024-09-15,Sunday,13:00,NYJ,24,TEN,17,Home,-7,41,0,0,outdoors,grass,80,13,Nissan Stadium
2024_02_NYG_WAS,2024,REG,2,2024-09-15,Sunday,13:00,NYG,18,WAS,21,Home,3,39,0,1,outdoors,grass,82,11,FedExField
2024_02_LA_ARI,2024,REG,2,2024-09-15,Sunday,16:05,LA,10,ARI,41,Home,31,51,0,1,closed,grass,,,State Farm Stadium
2024_02_PIT_DEN,2024,REG,2,2024-09-15,Sunday,16:25,PIT,13,DEN,6,Home,-7,19,0,0,outdoors,grass,83,4,Empower Field at Mile High
2024_02_CIN_KC,2024,REG,2,2024-09-15,Sunday,16:25,CIN,25,KC,26,Home,1,51,0,0,outdoors,grass,89,8,GEHA Field at Arrowhead Stadium
2024_02_CHI_HOU,2024,REG,2,2024-09-15,Sunday,20:20,CHI,13,HOU,19,Home,6,32,0,0,closed,astroturf,,,NRG Stadium
2024_02_ATL_PHI,2024,REG,2,2024-09-16,Monday,20:15,ATL,22,PHI,21,Home,-1,43,0,0,outdoors,grass,71,9,Lincoln Financial Field
2024_03_NE_NYJ,2024,REG,3,2024-09-19,Thursday,20:15,NE,3,NYJ,24,Home,21,27,0,1,outdoors,fieldturf,75,5,MetLife Stadium
2024_03_NYG_CLE,2024,REG,3,2024-09-22,Sunday,13:00,NYG,21,CLE,15,Home,-6,36,0,0,outdoors,grass,76,4,FirstEnergy Stadium
2024_03_CHI_IND,2024,REG,3,2024-09-22,Sunday,13:00,CHI,16,IND,21,Home,5,37,0,0,closed,fieldturf,,,Lucas Oil Stadium
2024_03_HOU_MIN,2024,REG,3,2024-09-22,Sunday,13:00,HOU,7,MIN,34,Home,27,41,0,0,dome,sportturf,,,U.S. Bank Stadium
2024_03_PHI_NO,2024,REG,3,2024-09-22,Sunday,13:00,PHI,15,NO,12,Home,-3,27,0,0,dome,sportturf,,,Mercedes-Benz Superdome
2024_03_LAC_PIT,2024,REG,3,2024-09-22,Sunday,13:00,LAC,10,PIT,20,Home,10,30,0,0,outdoors,grass,72,2,Acrisure Stadium
2024_03_DEN_TB,2024,REG,3,2024-09-22,Sunday,13:00,DEN,26,TB,7,Home,-19,33,0,0,outdoors,grass,85,6,Raymond James Stadium
2024_03_GB_TEN,2024,REG,3,2024-09-22,Sunday,13:00,GB,30,TEN,14,Home,-16,44,0,0,outdoors,grass,87,7,Nissan Stadium
2024_03_CAR_LV,2024,REG,3,2024-09-22,Sunday,16:05,CAR,36,LV,22,Home,-14,58,0,0,dome,grass,,,Allegiant Stadium
2024_03_MIA_SEA,2024,REG,3,2024-09-22,Sunday,16:05,MIA,3,SEA,24,Home,21,27,0,0,outdoors,fieldturf,64,2,Lumen Field
2024_03_DET_ARI,2024,REG,3,2024-09-22,Sunday,16:25,DET,20,ARI,13,Home,-7,33,0,0,closed,grass,,,State Farm Stadium
2024_03_BAL_DAL,2024,REG,3,2024-09-22,Sunday,16:25,BAL,28,DAL,25,Home,-3,53,0,0,closed,matrixturf,,,AT&T Stadium
2024_03_SF_LA,2024,REG,3,2024-09-22,Sunday,16:25,SF,24,LA,27,Home,3,51,0,1,dome,matrixturf,,,SoFi Stadium
2024_03_KC_ATL,2024,REG,3,2024-09-22,Sunday,20:20,KC,22,ATL,17,Home,-5,39,0,0,closed,fieldturf,,,Mercedes-Benz Stadium
2024_03_JAX_BUF,2024,REG,3,2024-09-23,Monday,19:30,JAX,10,BUF,47,Home,37,57,0,0,outdoors,a_turf,68,5,New Era Field
2024_03_WAS_CIN,2024,REG,3,2024-09-23,Monday,20:15,WAS,38,CIN,33,Home,-5,71,0,0,outdoors,fieldturf,69,5,Paycor Stadium
2024_04_DAL_NYG,2024,REG,4,2024-09-26,Thursday,20:15,DAL,20,NYG,15,Home,-5,35,0,1,outdoors,fieldturf,74,3,MetLife Stadium
2024_04_NO_ATL,2024,REG,4,2024-09-29,Sunday,13:00,NO,24,ATL,26,Home,2,50,0,1,closed,fieldturf,,,Mercedes-Benz Stadium
2024_04_CIN_CAR,2024,REG,4,2024-09-29,Sunday,13:00,CIN,34,CAR,24,Home,-10,58,0,0,outdoors,grass,78,6,Bank of America Stadium
2024_04_LA_CHI,2024,REG,4,2024-09-29,Sunday,13:00,LA,18,CHI,24,Home,6,42,0,0,outdoors,grass,70,16,Soldier Field
2024_04_MIN_GB,2024,REG,4,2024-09-29,Sunday,13:00,MIN,31,GB,29,Home,-2,60,0,1,outdoors,grass,71,15,Lambeau Field
2024_04_JAX_HOU,2024,REG,4,2024-09-29,Sunday,13:00,JAX,20,HOU,24,Home,4,44,0,1,closed,astroturf,,,NRG Stadium
2024_04_PIT_IND,2024,REG,4,2024-09-29,Sunday,13:00,PIT,24,IND,27,Home,3,51,0,0,closed,fieldturf,,,Lucas Oil Stadium
2024_04_DEN_NYJ,2024,REG,4,2024-09-29,Sunday,13:00,DEN,10,NYJ,9,Home,-1,19,0,0,outdoors,fieldturf,67,8,MetLife Stadium
2024_04_PHI_TB,2024,REG,4,2024-09-29,Sunday,13:00,PHI,16,TB,33,Home,17,49,0,0,outdoors,grass,88,9,Raymond James Stadium
2024_04_WAS_ARI,2024,REG,4,2024-09-29,Sunday,16:05,WAS,42,ARI,14,Home,-28,56,0,0,closed,grass,,,State Farm Stadium
2024_04_NE_SF,2024,REG,4,2024-09-29,Sunday,16:05,NE,13,SF,30,Home,17,43,0,0,outdoors,grass,71,5,Levi's Stadium
2024_04_KC_LAC,2024,REG,4,2024-09-29,Sunday,16:25,KC,17,LAC,10,Home,-7,27,0,1,dome,matrixturf,,,SoFi Stadium
2024_04_CLE_LV,2024,REG,4,2024-09-29,Sunday,16:25,CLE,16,LV,20,Home,4,36,0,0,dome,grass,,,Allegiant Stadium
2024_04_BUF_BAL,2024,REG,4,2024-09-29,Sunday,20:20,BUF,10,BAL,35,Home,25,45,0,0,outdoors,grass,68,8,M&T Bank Stadium
2024_04_TEN_MIA,2024,REG,4,2024-09-30,Monday,19:30,TEN,31,MIA,12,Home,-19,43,0,0,outdoors,grass,86,9,Hard Rock Stadium
2024_04_SEA_DET,2024,REG,4,2024-09-30,Monday,20:15,SEA,29,DET,42,Home,13,71,0,0,dome,fieldturf,,,Ford Field
2024_05_TB_ATL,2024,REG,5,2024-10-03,Thursday,20:15,TB,30,ATL,36,Home,6,66,1,1,closed,fieldturf,,,Mercedes-Benz Stadium
2024_05_NYJ_MIN,2024,REG,5,2024-10-06,Sunday,09:30,NYJ,17,MIN,23,Neutral,6,40,0,0,outdoors,grass,59,8,Tottenham Stadium
2024_05_CAR_CHI,2024,REG,5,2024-10-06,Sunday,13:00,CAR,10,CHI,36,Home,26,46,0,0,outdoors,grass,74,7,Soldier Field
2024_05_BAL_CIN,2024,REG,5,2024-10-06,Sunday,13:00,BAL,41,CIN,38,Home,-3,79,1,1,outdoors,fieldturf,81,10,Paycor Stadium
2024_05_BUF_HOU,2024,REG,5,2024-10-06,Sunday,13:00,BUF,20,HOU,23,Home,3,43,0,0,closed,astroturf,,,NRG Stadium
2024_05_IND_JAX,2024,REG,5,2024-10-06,Sunday,13:00,IND,34,JAX,37,Home,3,71,0,1,outdoors,grass,74,4,TIAA Bank Stadium
2024_05_MIA_NE,2024,REG,5,2024-10-06,Sunday,13:00,MIA,15,NE,10,Home,-5,25,0,1,outdoors,fieldturf,65,2,Gillette Stadium
2024_05_CLE_WAS,2024,REG,5,2024-10-06,Sunday,13:00,CLE,13,WAS,34,Home,21,47,0,0,outdoors,grass,73,5,FedExField
2024_05_LV_DEN,2024,REG,5,2024-10-06,Sunday,16:05,LV,18,DEN,34,Home,16,52,0,1,outdoors,grass,73,7,Empower Field at Mile High
2024_05_ARI_SF,2024,REG,5,2024-10-06,Sunday,16:05,ARI,24,SF,23,Home,-1,47,0,1,outdoors,grass,89,3,Levi's Stadium
2024_05_GB_LA,2024,REG,5,2024-10-06,Sunday,16:25,GB,24,LA,19,Home,-5,43,0,0,dome,matrixturf,,,SoFi Stadium
2024_05_NYG_SEA,2024,REG,5,2024-10-06,Sunday,16:25,NYG,29,SEA,20,Home,-9,49,0,0,outdoors,fieldturf,61,3,Lumen Field
2024_05_DAL_PIT,2024,REG,5,2024-10-06,Sunday,20:20,DAL,20,PIT,17,Home,-3,37,0,0,outdoors,grass,67,6,Acrisure Stadium
2024_05_NO_KC,2024,REG,5,2024-10-07,Monday,20:15,NO,13,KC,26,Home,13,39,0,0,outdoors,grass,70,1,GEHA Field at Arrowhead Stadium
2024_06_SF_SEA,2024,REG,6,2024-10-10,Thursday,20:15,SF,36,SEA,24,Home,-12,60,0,1,outdoors,fieldturf,59,10,Lumen Field
2024_06_JAX_CHI,2024,REG,6,2024-10-13,Sunday,09:30,JAX,16,CHI,35,Neutral,19,51,0,0,outdoors,grass,54,3,Tottenham Stadium
2024_06_WAS_BAL,2024,REG,6,2024-10-13,Sunday,13:00,WAS,23,BAL,30,Home,7,53,0,0,outdoors,grass,75,8,M&T Bank Stadium
2024_06_ARI_GB,2024,REG,6,2024-10-13,Sunday,13:00,ARI,13,GB,34,Home,21,47,0,0,outdoors,grass,50,4,Lambeau Field
2024_06_HOU_NE,2024,REG,6,2024-10-13,Sunday,13:00,HOU,41,NE,21,Home,-20,62,0,0,outdoors,fieldturf,53,5,Gillette Stadium
2024_06_TB_NO,2024,REG,6,2024-10-13,Sunday,13:00,TB,51,NO,27,Home,-24,78,0,1,dome,sportturf,,,Mercedes-Benz Superdome
2024_06_CLE_PHI,2024,REG,6,2024-10-13,Sunday,13:00,CLE,16,PHI,20,Home,4,36,0,0,outdoors,grass,82,10,Lincoln Financial Field
2024_06_IND_TEN,2024,REG,6,2024-10-13,Sunday,13:00,IND,20,TEN,17,Home,-3,37,0,1,outdoors,grass,80,12,Nissan Stadium
2024_06_LAC_DEN,2024,REG,6,2024-10-13,Sunday,16:05,LAC,23,DEN,16,Home,-7,39,0,1,outdoors,grass,65,7,Empower Field at Mile High
2024_06_PIT_LV,2024,REG,6,2024-10-13,Sunday,16:05,PIT,32,LV,13,Home,-19,45,0,0,dome,grass,,,Allegiant Stadium
2024_06_ATL_CAR,2024,REG,6,2024-10-13,Sunday,16:25,ATL,38,CAR,20,Home,-18,58,0,1,outdoors,grass,79,9,Bank of America Stadium
2024_06_DET_DAL,2024,REG,6,2024-10-13,Sunday,16:25,DET,47,DAL,9,Home,-38,56,0,0,closed,matrixturf,,,AT&T Stadium
2024_06_CIN_NYG,2024,REG,6,2024-10-13,Sunday,20:20,CIN,17,NYG,7,Home,-10,24,0,0,outdoors,fieldturf,63,2,MetLife Stadium
2024_06_BUF_NYJ,2024,REG,6,2024-10-14,Monday,20:15,BUF,23,NYJ,20,Home,-3,43,0,1,outdoors,fieldturf,49,14,MetLife Stadium
2024_07_DEN_NO,2024,REG,7,2024-10-17,Thursday,20:15,DEN,33,NO,10,Home,-23,43,0,0,dome,sportturf,,,Mercedes-Benz Superdome
2024_07_NE_JAX,2024,REG,7,2024-10-20,Sunday,09:30,NE,16,JAX,32,Neutral,16,48,0,0,outdoors,grass,63,12,Wembley Stadium
2024_07_SEA_ATL,2024,REG,7,2024-10-20,Sunday,13:00,SEA,34,ATL,14,Home,-20,48,0,0,closed,fieldturf,,,Mercedes-Benz Stadium
2024_07_TEN_BUF,2024,REG,7,2024-10-20,Sunday,13:00,TEN,10,BUF,34,Home,24,44,0,0,outdoors,a_turf,66,12,New Era Field
2024_07_CIN_CLE,2024,REG,7,2024-10-20,Sunday,13:00,CIN,21,CLE,14,Home,-7,35,0,1,outdoors,grass,62,8,FirstEnergy Stadium
2024_07_HOU_GB,2024,REG,7,2024-10-20,Sunday,13:00,HOU,22,GB,24,Home,2,46,0,0,outdoors,grass,72,3,Lambeau Field
2024_07_MIA_IND,2024,REG,7,2024-10-20,Sunday,13:00,MIA,10,IND,16,Home,6,26,0,0,closed,fieldturf,,,Lucas Oil Stadium
2024_07_DET_MIN,2024,REG,7,2024-10-20,Sunday,13:00,DET,31,MIN,29,Home,-2,60,0,1,dome,sportturf,,,U.S. Bank Stadium
2024_07_PHI_NYG,2024,REG,7,2024-10-20,Sunday,13:00,PHI,28,NYG,3,Home,-25,31,0,1,outdoors,fieldturf,71,4,MetLife Stadium
2024_07_LV_LA,2024,REG,7,2024-10-20,Sunday,16:05,LV,15,LA,20,Home,5,35,0,0,dome,matrixturf,,,SoFi Stadium
2024_07_CAR_WAS,2024,REG,7,2024-10-20,Sunday,16:05,CAR,7,WAS,40,Home,33,47,0,0,outdoors,grass,76,2,FedExField
2024_07_KC_SF,2024,REG,7,2024-10-20,Sunday,16:25,KC,28,SF,18,Home,-10,46,0,0,outdoors,grass,78,3,Levi's Stadium
2024_07_NYJ_PIT,2024,REG,7,2024-10-20,Sunday,20:20,NYJ,15,PIT,37,Home,22,52,0,0,outdoors,grass,60,4,Acrisure Stadium
2024_07_BAL_TB,2024,REG,7,2024-10-21,Monday,20:15,BAL,41,TB,31,Home,-10,72,0,0,outdoors,grass,80,8,Raymond James Stadium
2024_07_LAC_ARI,2024,REG,7,2024-10-21,Monday,21:00,LAC,15,ARI,17,Home,2,32,0,0,closed,grass,,,State Farm Stadium
2024_08_MIN_LA,2024,REG,8,2024-10-24,Thursday,20:15,MIN,20,LA,30,Home,10,50,0,0,dome,matrixturf,,,SoFi Stadium
2024_08_PHI_CIN,2024,REG,8,2024-10-27,Sunday,13:00,PHI,37,CIN,17,Home,-20,54,0,0,outdoors,fieldturf,59,6,Paycor Stadium
2024_08_BAL_CLE,2024,REG,8,2024-10-27,Sunday,13:00,BAL,24,CLE,29,Home,5,53,0,1,outdoors,grass,52,4,FirstEnergy Stadium
2024_08_TEN_DET,2024,REG,8,2024-10-27,Sunday,13:00,TEN,14,DET,52,Home,38,66,0,0,dome,fieldturf,,,Ford Field
2024_08_IND_HOU,2024,REG,8,2024-10-27,Sunday,13:00,IND,20,HOU,23,Home,3,43,0,1,closed,astroturf,,,NRG Stadium
2024_08_GB_JAX,2024,REG,8,2024-10-27,Sunday,13:00,GB,30,JAX,27,Home,-3,57,0,0,outdoors,grass,84,4,TIAA Bank Stadium
2024_08_ARI_MIA,2024,REG,8,2024-10-27,Sunday,13:00,ARI,28,MIA,27,Home,-1,55,0,0,outdoors,grass,82,14,Hard Rock Stadium
2024_08_NYJ_NE,2024,REG,8,2024-10-27,Sunday,13:00,NYJ,22,NE,25,Home,3,47,0,1,outdoors,fieldturf,53,8,Gillette Stadium
2024_08_ATL_TB,2024,REG,8,2024-10-27,Sunday,13:00,ATL,31,TB,26,Home,-5,57,0,1,outdoors,grass,79,6,Raymond James Stadium
2024_08_NO_LAC,2024,REG,8,2024-10-27,Sunday,16:05,NO,8,LAC,26,Home,18,34,0,0,dome,matrixturf,,,SoFi Stadium
2024_08_BUF_SEA,2024,REG,8,2024-10-27,Sunday,16:05,BUF,31,SEA,10,Home,-21,41,0,0,outdoors,fieldturf,55,14,Lumen Field
2024_08_CAR_DEN,2024,REG,8,2024-10-27,Sunday,16:25,CAR,14,DEN,28,Home,14,42,0,0,outdoors,grass,76,4,Empower Field at Mile High
2024_08_KC_LV,2024,REG,8,2024-10-27,Sunday,16:25,KC,27,LV,20,Home,-7,47,0,1,dome,grass,,,Allegiant Stadium
2024_08_CHI_WAS,2024,REG,8,2024-10-27,Sunday,16:25,CHI,15,WAS,18,Home,3,33,0,0,outdoors,grass,58,2,FedExField
2024_08_DAL_SF,2024,REG,8,2024-10-27,Sunday,20:20,DAL,24,SF,30,Home,6,54,0,0,outdoors,grass,69,9,Levi's Stadium
2024_08_NYG_PIT,2024,REG,8,2024-10-28,Monday,20:15,NYG,18,PIT,26,Home,8,44,0,0,outdoors,grass,54,7,Acrisure Stadium
2024_09_HOU_NYJ,2024,REG,9,2024-10-31,Thursday,20:15,HOU,13,NYJ,21,Home,8,34,0,0,outdoors,fieldturf,71,8,MetLife Stadium
2024_09_DAL_ATL,2024,REG,9,2024-11-03,Sunday,13:00,DAL,21,ATL,27,Home,6,48,0,0,closed,fieldturf,,,Mercedes-Benz Stadium
2024_09_DEN_BAL,2024,REG,9,2024-11-03,Sunday,13:00,DEN,10,BAL,41,Home,31,51,0,0,outdoors,grass,57,3,M&T Bank Stadium
2024_09_MIA_BUF,2024,REG,9,2024-11-03,Sunday,13:00,MIA,27,BUF,30,Home,3,57,0,1,outdoors,a_turf,54,9,New Era Field
2024_09_NO_CAR,2024,REG,9,2024-11-03,Sunday,13:00,NO,22,CAR,23,Home,1,45,0,1,outdoors,grass,66,7,Bank of America Stadium
2024_09_LV_CIN,2024,REG,9,2024-11-03,Sunday,13:00,LV,24,CIN,41,Home,17,65,0,0,outdoors,fieldturf,67,7,Paycor Stadium
2024_09_LAC_CLE,2024,REG,9,2024-11-03,Sunday,13:00,LAC,27,CLE,10,Home,-17,37,0,0,outdoors,grass,57,10,FirstEnergy Stadium
2024_09_WAS_NYG,2024,REG,9,2024-11-03,Sunday,13:00,WAS,27,NYG,22,Home,-5,49,0,1,outdoors,fieldturf,52,6,MetLife Stadium
2024_09_NE_TEN,2024,REG,9,2024-11-03,Sunday,13:00,NE,17,TEN,20,Home,3,37,1,0,outdoors,grass,75,10,Nissan Stadium
2024_09_CHI_ARI,2024,REG,9,2024-11-03,Sunday,16:05,CHI,9,ARI,29,Home,20,38,0,0,closed,grass,,,State Farm Stadium
2024_09_JAX_PHI,2024,REG,9,2024-11-03,Sunday,16:05,JAX,23,PHI,28,Home,5,51,0,0,outdoors,grass,57,6,Lincoln Financial Field
2024_09_DET_GB,2024,REG,9,2024-11-03,Sunday,16:25,DET,24,GB,14,Home,-10,38,0,1,outdoors,grass,50,15,Lambeau Field
2024_09_LA_SEA,2024,REG,9,2024-11-03,Sunday,16:25,LA,26,SEA,20,Home,-6,46,1,1,outdoors,fieldturf,52,4,Lumen Field
2024_09_IND_MIN,2024,REG,9,2024-11-03,Sunday,20:20,IND,13,MIN,21,Home,8,34,0,0,dome,sportturf,,,U.S. Bank Stadium
2024_09_TB_KC,2024,REG,9,2024-11-04,Monday,20:15,TB,24,KC,30,Home,6,54,1,0,outdoors,grass,63,6,GEHA Field at Arrowhead Stadium
2024_10_CIN_BAL,2024,REG,10,2024-11-07,Thursday,20:15,CIN,34,BAL,35,Home,1,69,0,1,outdoors,grass,69,6,M&T Bank Stadium
2024_10_NYG_CAR,2024,REG,10,2024-11-10,Sunday,09:30,NYG,17,CAR,20,Neutral,3,37,1,0,outdoors,,,,Allianz Arena
2024_10_NE_CHI,2024,REG,10,2024-11-10,Sunday,13:00,NE,19,CHI,3,Home,-16,22,0,0,outdoors,grass,60,6,Soldier Field
2024_10_BUF_IND,2024,REG,10,2024-11-10,Sunday,13:00,BUF,30,IND,20,Home,-10,50,0,0,closed,fieldturf,,,Lucas Oil Stadium
2024_10_MIN_JAX,2024,REG,10,2024-11-10,Sunday,13:00,MIN,12,JAX,7,Home,-5,19,0,0,outdoors,grass,79,7,TIAA Bank Stadium
2024_10_DEN_KC,2024,REG,10,2024-11-10,Sunday,13:00,DEN,14,KC,16,Home,2,30,0,1,outdoors,grass,57,12,GEHA Field at Arrowhead Stadium
2024_10_ATL_NO,2024,REG,10,2024-11-10,Sunday,13:00,ATL,17,NO,20,Home,3,37,0,1,dome,sportturf,,,Mercedes-Benz Superdome
2024_10_SF_TB,2024,REG,10,2024-11-10,Sunday,13:00,SF,23,TB,20,Home,-3,43,0,0,outdoors,grass,85,9,Raymond James Stadium
2024_10_PIT_WAS,2024,REG,10,2024-11-10,Sunday,13:00,PIT,28,WAS,27,Home,-1,55,0,0,outdoors,grass,57,9,FedExField
2024_10_TEN_LAC,2024,REG,10,2024-11-10,Sunday,16:05,TEN,17,LAC,27,Home,10,44,0,0,dome,matrixturf,,,SoFi Stadium
2024_10_NYJ_ARI,2024,REG,10,2024-11-10,Sunday,16:25,NYJ,6,ARI,31,Home,25,37,0,0,closed,grass,,,State Farm Stadium
2024_10_PHI_DAL,2024,REG,10,2024-11-10,Sunday,16:25,PHI,34,DAL,6,Home,-28,40,0,1,closed,matrixturf,,,AT&T Stadium
2024_10_DET_HOU,2024,REG,10,2024-11-10,Sunday,20:20,DET,26,HOU,23,Home,-3,49,0,0,closed,astroturf,,,NRG Stadium
2024_10_MIA_LA,2024,REG,10,2024-11-11,Monday,20:15,MIA,23,LA,15,Home,-8,38,0,0,dome,matrixturf,,,SoFi Stadium
2024_11_WAS_PHI,2024,REG,11,2024-11-14,Thursday,20:15,WAS,18,PHI,26,Home,8,44,0,1,outdoors,grass,46,9,Lincoln Financial Field
2024_11_GB_CHI,2024,REG,11,2024-11-17,Sunday,13:00,GB,20,CHI,19,Home,-1,39,0,1,outdoors,grass,54,5,Soldier Field
2024_11_JAX_DET,2024,REG,11,2024-11-17,Sunday,13:00,JAX,6,DET,52,Home,46,58,0,0,dome,fieldturf,,,Ford Field
2024_11_LV_MIA,2024,REG,11,2024-11-17,Sunday,13:00,LV,19,MIA,34,Home,15,53,0,0,outdoors,grass,80,16,Hard Rock Stadium
2024_11_LA_NE,2024,REG,11,2024-11-17,Sunday,13:00,LA,28,NE,22,Home,-6,50,0,0,outdoors,fieldturf,59,9,Gillette Stadium
2024_11_CLE_NO,2024,REG,11,2024-11-17,Sunday,13:00,CLE,14,NO,35,Home,21,49,0,0,dome,sportturf,,,Mercedes-Benz Superdome
2024_11_IND_NYJ,2024,REG,11,2024-11-17,Sunday,13:00,IND,28,NYJ,27,Home,-1,55,0,0,outdoors,fieldturf,62,4,MetLife Stadium
2024_11_BAL_PIT,2024,REG,11,2024-11-17,Sunday,13:00,BAL,16,PIT,18,Home,2,34,0,1,outdoors,grass,52,5,Acrisure Stadium
2024_11_MIN_TEN,2024,REG,11,2024-11-17,Sunday,13:00,MIN,23,TEN,13,Home,-10,36,0,0,outdoors,grass,66,7,Nissan Stadium
2024_11_ATL_DEN,2024,REG,11,2024-11-17,Sunday,16:05,ATL,6,DEN,38,Home,32,44,0,0,outdoors,grass,55,9,Empower Field at Mile High
2024_11_SEA_SF,2024,REG,11,2024-11-17,Sunday,16:05,SEA,20,SF,17,Home,-3,37,0,1,outdoors,grass,59,4,Levi's Stadium
2024_11_KC_BUF,2024,REG,11,2024-11-17,Sunday,16:25,KC,21,BUF,30,Home,9,51,0,0,outdoors,a_turf,50,3,New Era Field
2024_11_CIN_LAC,2024,REG,11,2024-11-17,Sunday,20:20,CIN,27,LAC,34,Home,7,61,0,0,dome,matrixturf,,,SoFi Stadium
2024_11_HOU_DAL,2024,REG,11,2024-11-18,Monday,20:15,HOU,34,DAL,10,Home,-24,44,0,0,closed,matrixturf,,,AT&T Stadium
2024_12_PIT_CLE,2024,REG,12,2024-11-21,Thursday,20:15,PIT,19,CLE,24,Home,5,43,0,1,outdoors,grass,36,13,FirstEnergy Stadium
2024_12_KC_CAR,2024,REG,12,2024-11-24,Sunday,13:00,KC,30,CAR,27,Home,-3,57,0,0,outdoors,grass,61,5,Bank of America Stadium
2024_12_MIN_CHI,2024,REG,12,2024-11-24,Sunday,13:00,MIN,30,CHI,27,Home,-3,57,1,1,outdoors,grass,47,5,Soldier Field
2024_12_TEN_HOU,2024,REG,12,2024-11-24,Sunday,13:00,TEN,32,HOU,27,Home,-5,59,0,1,closed,astroturf,,,NRG Stadium
2024_12_DET_IND,2024,REG,12,2024-11-24,Sunday,13:00,DET,24,IND,6,Home,-18,30,0,0,closed,fieldturf,,,Lucas Oil Stadium
2024_12_NE_MIA,2024,REG,12,2024-11-24,Sunday,13:00,NE,15,MIA,34,Home,19,49,0,1,outdoors,grass,77,6,Hard Rock Stadium
2024_12_TB_NYG,2024,REG,12,2024-11-24,Sunday,13:00,TB,30,NYG,7,Home,-23,37,0,0,outdoors,fieldturf,50,13,MetLife Stadium
2024_12_DAL_WAS,2024,REG,12,2024-11-24,Sunday,13:00,DAL,34,WAS,26,Home,-8,60,0,1,outdoors,grass,55,5,FedExField
2024_12_DEN_LV,2024,REG,12,2024-11-24,Sunday,16:05,DEN,29,LV,19,Home,-10,48,0,1,dome,grass,,,Allegiant Stadium
2024_12_SF_GB,2024,REG,12,2024-11-24,Sunday,16:25,SF,10,GB,38,Home,28,48,0,0,outdoors,grass,43,11,Lambeau Field
2024_12_ARI_SEA,2024,REG,12,2024-11-24,Sunday,16:25,ARI,6,SEA,16,Home,10,22,0,1,outdoors,fieldturf,45,5,Lumen Field
2024_12_PHI_LA,2024,REG,12,2024-11-24,Sunday,20:20,PHI,37,LA,20,Home,-17,57,0,0,dome,matrixturf,,,SoFi Stadium
2024_12_BAL_LAC,2024,REG,12,2024-11-25,Monday,20:15,BAL,30,LAC,23,Home,-7,53,0,0,dome,matrixturf,,,SoFi Stadium
2024_13_CHI_DET,2024,REG,13,2024-11-28,Thursday,12:30,CHI,20,DET,23,Home,3,43,0,1,dome,fieldturf,,,Ford Field
2024_13_NYG_DAL,2024,REG,13,2024-11-28,Thursday,16:30,NYG,20,DAL,27,Home,7,47,0,1,closed,matrixturf,,,AT&T Stadium
2024_13_MIA_GB,2024,REG,13,2024-11-28,Thursday,20:20,MIA,17,GB,30,Home,13,47,0,0,outdoors,grass,27,10,Lambeau Field
2024_13_LV_KC,2024,REG,13,2024-11-29,Friday,15:00,LV,17,KC,19,Home,2,36,0,1,outdoors,grass,37,5,GEHA Field at Arrowhead Stadium
2024_13_LAC_ATL,2024,REG,13,2024-12-01,Sunday,13:00,LAC,17,ATL,13,Home,-4,30,0,0,closed,fieldturf,,,Mercedes-Benz Stadium
2024_13_PIT_CIN,2024,REG,13,2024-12-01,Sunday,13:00,PIT,44,CIN,38,Home,-6,82,0,1,outdoors,fieldturf,32,9,Paycor Stadium
2024_13_HOU_JAX,2024,REG,13,2024-12-01,Sunday,13:00,HOU,23,JAX,20,Home,-3,43,0,1,outdoors,grass,,,TIAA Bank Stadium
2024_13_ARI_MIN,2024,REG,13,2024-12-01,Sunday,13:00,ARI,22,MIN,23,Home,1,45,0,0,dome,sportturf,,,U.S. Bank Stadium
2024_13_IND_NE,2024,REG,13,2024-12-01,Sunday,13:00,IND,25,NE,24,Home,-1,49,0,0,outdoors,fieldturf,36,9,Gillette Stadium
2024_13_SEA_NYJ,2024,REG,13,2024-12-01,Sunday,13:00,SEA,26,NYJ,21,Home,-5,47,0,0,outdoors,fieldturf,37,12,MetLife Stadium
2024_13_TEN_WAS,2024,REG,13,2024-12-01,Sunday,13:00,TEN,19,WAS,42,Home,23,61,0,0,outdoors,grass,42,6,FedExField
2024_13_TB_CAR,2024,REG,13,2024-12-01,Sunday,16:05,TB,26,CAR,23,Home,-3,49,1,1,outdoors,grass,51,7,Bank of America Stadium
2024_13_LA_NO,2024,REG,13,2024-12-01,Sunday,16:05,LA,21,NO,14,Home,-7,35,0,0,dome,sportturf,,,Mercedes-Benz Superdome
2024_13_PHI_BAL,2024,REG,13,2024-12-01,Sunday,16:25,PHI,24,BAL,19,Home,-5,43,0,0,outdoors,grass,41,7,M&T Bank Stadium
2024_13_SF_BUF,2024,REG,13,2024-12-01,Sunday,20:20,SF,10,BUF,35,Home,25,45,0,0,outdoors,a_turf,28,11,New Era Field
2024_13_CLE_DEN,2024,REG,13,2024-12-02,Monday,20:15,CLE,32,DEN,41,Home,9,73,0,0,outdoors,grass,48,4,Empower Field at Mile High
2024_14_GB_DET,2024,REG,14,2024-12-05,Thursday,20:15,GB,31,DET,34,Home,3,65,0,1,dome,fieldturf,,,Ford Field
2024_14_NYJ_MIA,2024,REG,14,2024-12-08,Sunday,13:00,NYJ,26,MIA,32,Home,6,58,1,1,outdoors,grass,77,12,Hard Rock Stadium
2024_14_ATL_MIN,2024,REG,14,2024-12-08,Sunday,13:00,ATL,21,MIN,42,Home,21,63,0,0,dome,sportturf,,,U.S. Bank Stadium
2024_14_NO_NYG,2024,REG,14,2024-12-08,Sunday,13:00,NO,14,NYG,11,Home,-3,25,0,0,outdoors,fieldturf,54,13,MetLife Stadium
2024_14_CAR_PHI,2024,REG,14,2024-12-08,Sunday,13:00,CAR,16,PHI,22,Home,6,38,0,0,outdoors,grass,55,16,Lincoln Financial Field
2024_14_CLE_PIT,2024,REG,14,2024-12-08,Sunday,13:00,CLE,14,PIT,27,Home,13,41,0,1,outdoors,grass,49,12,Acrisure Stadium
2024_14_LV_TB,2024,REG,14,2024-12-08,Sunday,13:00,LV,13,TB,28,Home,15,41,0,0,outdoors,grass,71,4,Raymond James Stadium
2024_14_JAX_TEN,2024,REG,14,2024-12-08,Sunday,13:00,JAX,10,TEN,6,Home,-4,16,0,1,outdoors,grass,53,9,Nissan Stadium
2024_14_SEA_ARI,2024,REG,14,2024-12-08,Sunday,16:05,SEA,30,ARI,18,Home,-12,48,0,1,closed,grass,,,State Farm Stadium
2024_14_BUF_LA,2024,REG,14,2024-12-08,Sunday,16:25,BUF,42,LA,44,Home,2,86,0,0,dome,matrixturf,,,SoFi Stadium
2024_14_CHI_SF,2024,REG,14,2024-12-08,Sunday,16:25,CHI,13,SF,38,Home,25,51,0,0,outdoors,grass,65,4,Levi's Stadium
2024_14_LAC_KC,2024,REG,14,2024-12-08,Sunday,20:20,LAC,17,KC,19,Home,2,36,0,1,outdoors,grass,50,10,GEHA Field at Arrowhead Stadium
2024_14_CIN_DAL,2024,REG,14,2024-12-09,Monday,20:15,CIN,27,DAL,20,Home,-7,47,0,0,closed,matrixturf,,,AT&T Stadium
2024_15_LA_SF,2024,REG,15,2024-12-12,Thursday,20:15,LA,12,SF,6,Home,-6,18,0,1,outdoors,grass,53,4,Levi's Stadium
2024_15_DAL_CAR,2024,REG,15,2024-12-15,Sunday,13:00,DAL,30,CAR,14,Home,-16,44,0,0,outdoors,grass,45,7,Bank of America Stadium
2024_15_KC_CLE,2024,REG,15,2024-12-15,Sunday,13:00,KC,21,CLE,7,Home,-14,28,0,0,outdoors,grass,40,18,FirstEnergy Stadium
2024_15_MIA_HOU,2024,REG,15,2024-12-15,Sunday,13:00,MIA,12,HOU,20,Home,8,32,0,0,closed,astroturf,,,NRG Stadium
2024_15_NYJ_JAX,2024,REG,15,2024-12-15,Sunday,13:00,NYJ,32,JAX,25,Home,-7,57,0,0,outdoors,grass,,,TIAA Bank Stadium
2024_15_WAS_NO,2024,REG,15,2024-12-15,Sunday,13:00,WAS,20,NO,19,Home,-1,39,0,0,dome,sportturf,,,Mercedes-Benz Superdome
2024_15_BAL_NYG,2024,REG,15,2024-12-15,Sunday,13:00,BAL,35,NYG,14,Home,-21,49,0,0,outdoors,fieldturf,36,6,MetLife Stadium
2024_15_CIN_TEN,2024,REG,15,2024-12-15,Sunday,13:00,CIN,37,TEN,27,Home,-10,64,0,0,outdoors,grass,52,12,Nissan Stadium
2024_15_NE_ARI,2024,REG,15,2024-12-15,Sunday,16:25,NE,17,ARI,30,Home,13,47,0,0,closed,grass,,,State Farm Stadium
2024_15_IND_DEN,2024,REG,15,2024-12-15,Sunday,16:25,IND,13,DEN,31,Home,18,44,0,0,outdoors,grass,55,15,Empower Field at Mile High
2024_15_BUF_DET,2024,REG,15,2024-12-15,Sunday,16:25,BUF,48,DET,42,Home,-6,90,0,0,dome,fieldturf,,,Ford Field
2024_15_TB_LAC,2024,REG,15,2024-12-15,Sunday,16:25,TB,40,LAC,17,Home,-23,57,0,0,dome,matrixturf,,,SoFi Stadium
2024_15_PIT_PHI,2024,REG,15,2024-12-15,Sunday,16:25,PIT,13,PHI,27,Home,14,40,0,0,outdoors,grass,37,5,Lincoln Financial Field
2024_15_GB_SEA,2024,REG,15,2024-12-15,Sunday,20:20,GB,30,SEA,13,Home,-17,43,0,0,outdoors,fieldturf,43,3,Lumen Field
2024_15_CHI_MIN,2024,REG,15,2024-12-16,Monday,20:00,CHI,12,MIN,30,Home,18,42,0,1,dome,sportturf,,,U.S. Bank Stadium
2024_15_ATL_LV,2024,REG,15,2024-12-16,Monday,20:30,ATL,15,LV,9,Home,-6,24,0,0,dome,grass,,,Allegiant Stadium
2024_16_DEN_LAC,2024,REG,16,2024-12-19,Thursday,20:15,DEN,27,LAC,34,Home,7,61,0,1,dome,matrixturf,,,SoFi Stadium
2024_16_HOU_KC,2024,REG,16,2024-12-21,Saturday,13:00,HOU,19,KC,27,Home,8,46,0,0,outdoors,grass,30,5,GEHA Field at Arrowhead Stadium
2024_16_PIT_BAL,2024,REG,16,2024-12-21,Saturday,16:30,PIT,17,BAL,34,Home,17,51,0,1,outdoors,grass,35,15,M&T Bank Stadium
2024_16_NYG_ATL,2024,REG,16,2024-12-22,Sunday,13:00,NYG,7,ATL,34,Home,27,41,0,0,closed,fieldturf,,,Mercedes-Benz Stadium
2024_16_ARI_CAR,2024,REG,16,2024-12-22,Sunday,13:00,ARI,30,CAR,36,Home,6,66,1,0,outdoors,grass,37,10,Bank of America Stadium
2024_16_DET_CHI,2024,REG,16,2024-12-22,Sunday,13:00,DET,34,CHI,17,Home,-17,51,0,1,outdoors,grass,29,7,Soldier Field
2024_16_CLE_CIN,2024,REG,16,2024-12-22,Sunday,13:00,CLE,6,CIN,24,Home,18,30,0,1,outdoors,fieldturf,33,6,Paycor Stadium
2024_16_TEN_IND,2024,REG,16,2024-12-22,Sunday,13:00,TEN,30,IND,38,Home,8,68,0,1,closed,fieldturf,,,Lucas Oil Stadium
2024_16_LA_NYJ,2024,REG,16,2024-12-22,Sunday,13:00,LA,19,NYJ,9,Home,-10,28,0,0,outdoors,fieldturf,23,8,MetLife Stadium
2024_16_PHI_WAS,2024,REG,16,2024-12-22,Sunday,13:00,PHI,33,WAS,36,Home,3,69,0,1,outdoors,grass,32,8,FedExField
2024_16_MIN_SEA,2024,REG,16,2024-12-22,Sunday,16:05,MIN,27,SEA,24,Home,-3,51,0,0,outdoors,fieldturf,48,5,Lumen Field
2024_16_NE_BUF,2024,REG,16,2024-12-22,Sunday,16:25,NE,21,BUF,24,Home,3,45,0,1,outdoors,a_turf,14,2,New Era Field
2024_16_JAX_LV,2024,REG,16,2024-12-22,Sunday,16:25,JAX,14,LV,19,Home,5,33,0,0,dome,grass,,,Allegiant Stadium
2024_16_SF_MIA,2024,REG,16,2024-12-22,Sunday,16:25,SF,17,MIA,29,Home,12,46,0,0,outdoors,grass,73,12,Hard Rock Stadium
2024_16_TB_DAL,2024,REG,16,2024-12-22,Sunday,20:20,TB,24,DAL,26,Home,2,50,0,0,closed,matrixturf,,,AT&T Stadium
2024_16_NO_GB,2024,REG,16,2024-12-23,Monday,20:15,NO,0,GB,34,Home,34,34,0,0,outdoors,grass,34,12,Lambeau Field
2024_17_KC_PIT,2024,REG,17,2024-12-25,Wednesday,13:00,KC,29,PIT,10,Home,-19,39,0,0,outdoors,grass,39,2,Acrisure Stadium
2024_17_BAL_HOU,2024,REG,17,2024-12-25,Wednesday,16:30,BAL,31,HOU,2,Home,-29,33,0,0,closed,astroturf,,,NRG Stadium
2024_17_SEA_CHI,2024,REG,17,2024-12-26,Thursday,20:15,SEA,6,CHI,3,Home,-3,9,0,0,outdoors,grass,47,5,Soldier Field
2024_17_LAC_NE,2024,REG,17,2024-12-28,Saturday,13:00,LAC,40,NE,7,Home,-33,47,0,0,outdoors,fieldturf,40,4,Gillette Stadium
2024_17_DEN_CIN,2024,REG,17,2024-12-28,Saturday,16:30,DEN,24,CIN,30,Home,6,54,1,0,outdoors,fieldturf,60,8,Paycor Stadium
2024_17_ARI_LA,2024,REG,17,2024-12-28,Saturday,20:15,ARI,9,LA,13,Home,4,22,0,1,dome,matrixturf,,,SoFi Stadium
2024_17_NYJ_BUF,2024,REG,17,2024-12-29,Sunday,13:00,NYJ,14,BUF,40,Home,26,54,0,1,outdoors,a_turf,54,15,New Era Field
2024_17_TEN_JAX,2024,REG,17,2024-12-29,Sunday,13:00,TEN,13,JAX,20,Home,7,33,0,1,outdoors,grass,72,16,TIAA Bank Stadium
2024_17_LV_NO,2024,REG,17,2024-12-29,Sunday,13:00,LV,25,NO,10,Home,-15,35,0,0,dome,sportturf,,,Mercedes-Benz Superdome
2024_17_IND_NYG,2024,REG,17,2024-12-29,Sunday,13:00,IND,33,NYG,45,Home,12,78,0,0,outdoors,fieldturf,54,0,MetLife Stadium
2024_17_DAL_PHI,2024,REG,17,2024-12-29,Sunday,13:00,DAL,7,PHI,41,Home,34,48,0,1,outdoors,grass,62,10,Lincoln Financial Field
2024_17_CAR_TB,2024,REG,17,2024-12-29,Sunday,13:00,CAR,14,TB,48,Home,34,62,0,1,outdoors,grass,76,8,Raymond James Stadium
2024_17_MIA_CLE,2024,REG,17,2024-12-29,Sunday,16:05,MIA,20,CLE,3,Home,-17,23,0,0,outdoors,grass,54,15,FirstEnergy Stadium
2024_17_GB_MIN,2024,REG,17,2024-12-29,Sunday,16:25,GB,25,MIN,27,Home,2,52,0,1,dome,sportturf,,,U.S. Bank Stadium
2024_17_ATL_WAS,2024,REG,17,2024-12-29,Sunday,20:20,ATL,24,WAS,30,Home,6,54,1,0,outdoors,grass,58,10,FedExField
2024_17_DET_SF,2024,REG,17,2024-12-30,Monday,20:15,DET,40,SF,34,Home,-6,74,0,0,outdoors,grass,,,Levi's Stadium
2024_18_CLE_BAL,2024,REG,18,2025-01-04,Saturday,16:30,CLE,10,BAL,35,Home,25,45,0,1,outdoors,grass,31,16,M&T Bank Stadium
2024_18_CIN_PIT,2024,REG,18,2025-01-04,Saturday,20:00,CIN,19,PIT,17,Home,-2,36,0,1,outdoors,grass,19,10,Acrisure Stadium
2024_18_CAR_ATL,2024,REG,18,2025-01-05,Sunday,13:00,CAR,44,ATL,38,Home,-6,82,1,1,closed,fieldturf,,,Mercedes-Benz Stadium
2024_18_WAS_DAL,2024,REG,18,2025-01-05,Sunday,13:00,WAS,23,DAL,19,Home,-4,42,0,1,closed,matrixturf,,,AT&T Stadium
2024_18_CHI_GB,2024,REG,18,2025-01-05,Sunday,13:00,CHI,24,GB,22,Home,-2,46,0,1,outdoors,grass,16,13,Lambeau Field
2024_18_JAX_IND,2024,REG,18,2025-01-05,Sunday,13:00,JAX,23,IND,26,Home,3,49,1,1,closed,fieldturf,,,Lucas Oil Stadium
2024_18_BUF_NE,2024,REG,18,2025-01-05,Sunday,13:00,BUF,16,NE,23,Home,7,39,0,1,outdoors,fieldturf,33,14,Gillette Stadium
2024_18_NYG_PHI,2024,REG,18,2025-01-05,Sunday,13:00,NYG,13,PHI,20,Home,7,33,0,1,outdoors,grass,31,19,Lincoln Financial Field
2024_18_NO_TB,2024,REG,18,2025-01-05,Sunday,13:00,NO,19,TB,27,Home,8,46,0,1,outdoors,grass,68,6,Raymond James Stadium
2024_18_HOU_TEN,2024,REG,18,2025-01-05,Sunday,13:00,HOU,23,TEN,14,Home,-9,37,0,1,outdoors,grass,35,10,Nissan Stadium
2024_18_SF_ARI,2024,REG,18,2025-01-05,Sunday,16:25,SF,24,ARI,47,Home,23,71,0,1,closed,grass,,,State Farm Stadium
2024_18_KC_DEN,2024,REG,18,2025-01-05,Sunday,16:25,KC,0,DEN,38,Home,38,38,0,1,outdoors,grass,28,5,Empower Field at Mile High
2024_18_SEA_LA,2024,REG,18,2025-01-05,Sunday,16:25,SEA,30,LA,25,Home,-5,55,0,1,dome,matrixturf,,,SoFi Stadium
2024_18_LAC_LV,2024,REG,18,2025-01-05,Sunday,16:25,LAC,34,LV,20,Home,-14,54,0,1,dome,grass,,,Allegiant Stadium
2024_18_MIA_NYJ,2024,REG,18,2025-01-05,Sunday,16:25,MIA,20,NYJ,32,Home,12,52,0,1,outdoors,fieldturf,34,10,MetLife Stadium
2024_18_MIN_DET,2024,REG,18,2025-01-05,Sunday,20:20,MIN,9,DET,31,Home,22,40,0,1,dome,fieldturf,,,Ford Field
2024_19_LAC_HOU,2024,WC,19,2025-01-11,Saturday,16:30,LAC,12,HOU,32,Home,20,44,0,0,closed,astroturf,,,NRG Stadium
2024_19_PIT_BAL,2024,WC,19,2025-01-11,Saturday,20:00,PIT,14,BAL,28,Home,14,42,0,1,outdoors,grass,32,12,M&T Bank Stadium
2024_19_DEN_BUF,2024,WC,19,2025-01-12,Sunday,13:00,DEN,7,BUF,31,Home,24,38,0,0,outdoors,a_turf,32,10,New Era Field
2024_19_GB_PHI,2024,WC,19,2025-01-12,Sunday,16:30,GB,10,PHI,22,Home,12,32,0,0,outdoors,grass,40,6,Lincoln Financial Field
2024_19_WAS_TB,2024,WC,19,2025-01-12,Sunday,20:00,WAS,23,TB,20,Home,-3,43,0,0,outdoors,grass,58,2,Raymond James Stadium
2024_19_MIN_LA,2024,WC,19,2025-01-13,Monday,20:00,MIN,9,LA,27,Neutral,18,36,0,0,closed,grass,,,State Farm Stadium
2024_20_HOU_KC,2024,DIV,20,2025-01-18,Saturday,16:30,HOU,14,KC,23,Home,9,37,0,0,outdoors,grass,23,17,GEHA Field at Arrowhead Stadium
2024_20_WAS_DET,2024,DIV,20,2025-01-18,Saturday,20:00,WAS,45,DET,31,Home,-14,76,0,0,dome,fieldturf,,,Ford Field
2024_20_LA_PHI,2024,DIV,20,2025-01-19,Sunday,15:00,LA,22,PHI,28,Home,6,50,0,0,outdoors,grass,34,8,Lincoln Financial Field
2024_20_BAL_BUF,2024,DIV,20,2025-01-19,Sunday,18:30,BAL,25,BUF,27,Home,2,52,0,0,outdoors,a_turf,19,4,New Era Field
2024_21_WAS_PHI,2024,CON,21,2025-01-26,Sunday,15:00,WAS,23,PHI,55,Home,32,78,0,1,outdoors,grass,40,11,Lincoln Financial Field
2024_21_BUF_KC,2024,CON,21,2025-01-26,Sunday,18:30,BUF,29,KC,32,Home,3,61,0,0,outdoors,grass,31,8,GEHA Field at Arrowhead Stadium
2024_22_KC_PHI,2024,SB,22,2025-02-09,Sunday,18:30,KC,22,PHI,40,Neutral,18,62,0,0,dome,sportturf,,,Mercedes-Benz Superdome
